{
    "ala": 89.09318,
    "A": 89.09318,
    "arg": 174.20096,
    "R": 174.20096,
    "asn": 132.11792,
    "N": 132.11792,
    "asp": 133.10268,
    "D": 133.10268,
    "cys": 121.15818,
    "C": 121.15818,
    "glu": 147.12926,
    "E": 147.12926,
    "gln": 146.1445,
    "Q": 146.1445,
    "gly": 75.0666,
    "G": 75.0666,
    "his": 155.15456,
    "H": 155.15456,
    "ile": 131.17292,
    "I": 131.17292,
    "leu": 131.17292,
    "L": 131.17292,
    "lys": 146.18756,
    "K": 146.18756,
    "met": 149.21134,
    "M": 149.21134,
    "phe": 165.18914,
    "F": 165.18914,
    "pro": 115.13046,
    "P": 115.13046,
    "ser": 105.09258,
    "S": 105.09258,
    "thr": 119.11916,
    "T": 119.11916,
    "trp": 204.22518,
    "W": 204.22518,
    "tyr": 181.18854,
    "Y": 181.18854,
    "val": 117.14634,
    "V": 117.14634
}